ID,Comment,Category
1,"Amazing product, really exceeded my expectations.",Positive
2,Very disappointing experience overall.,Negative
3,The product is okay for basic use.,Neutral
4,Earn $5000 weekly from home!!! Click now!!!,Spam
5,The service was quick and professional.,Positive
6,Customer support was unhelpful.,Negative
7,"Average experience, nothing special.",Neutral
8,Visit my profile for free giveaways and prizes.,Spam
9,I loved the user-friendly interface.,Positive
10,The app crashes too frequently.,Negative
11,It works as expected most of the time.,Neutral
12,"Cheap followers available instantly, DM me now.",Spam
13,"Great experience overall, would recommend it.",Positive
14,Waste of money in my opinion.,Negative
15,The quality is decent for the price.,Neutral
16,Congratulations!!! You won a free iPhone today.,Spam
17,Excellent quality for the price.,Positive
18,Delivery was delayed without explanation.,Negative
19,Some features are useful while others are not.,Neutral
20,Buy crypto now and become rich overnight!!!,Spam
21,Customer support solved my issue instantly.,Positive
22,I expected much better performance.,Negative
23,"Delivery was on time, packaging was normal.",Neutral
24,Very satisfied with my purchase.,Positive
25,Too many bugs and glitches.,Negative
26,The app has both pros and cons.,Neutral
27,The design looks modern and attractive.,Positive
28,The interface is confusing and outdated.,Negative
29,It may suit some users better than others.,Neutral
30,Fast delivery and good packaging.,Positive
31,Not worth the price at all.,Negative
32,Performance is acceptable but could improve.,Neutral
33,One of the best platforms I've used.,Positive
34,I regret buying this product.,Negative
35,"Overall, it's an average service.",Neutral
36,Smooth performance without any lag.,Positive
37,Response time is extremely slow.,Negative
38,The product stopped working after two days.,Negative
39,The app is simple and easy to navigate.,Positive
40,The features advertised are misleading.,Negative
41,Totally worth the money.,Positive
42,Poor quality compared to competitors.,Negative
43,Impressive features and functionality.,Positive
44,"Terrible experience, would not recommend.",Negative
45,Five stars from my side.,Positive
46,Very reliable and efficient service.,Positive
47,The updates made it even better.,Positive
48,Highly recommended for beginners.,Positive
49,Outstanding experience from start to finish.,Positive
50,The service needs significant improvement.,Negative
